perm_idx,trial_idx,apogee,landing_x,landing_y,max_mach,tank_ft,thrust_N,t_burn_s,wet_kg,dry_kg,wet_cg_cm,dry_cg_cm
0,0,80239.86522798068,-2070.2328567441327,-17760.42358234907,4.911587230834633,12,8000.0,16.62,100.76,32.61,267.73,386.26
0,1,80156.56123417235,1348.3653263204799,-18938.371379626456,4.911155109939056,12,8000.0,16.62,100.76,32.61,267.73,386.26
0,2,80236.88944829123,4624.1096511692485,-17162.008485187554,4.911461942000614,12,8000.0,16.62,100.76,32.61,267.73,386.26
0,3,80003.48463300458,475.61996640098033,-20527.86188410281,4.909650149994417,12,8000.0,16.62,100.76,32.61,267.73,386.26
0,4,80376.66643968338,-670.692502284496,-15677.347417050123,4.912226609062163,12,8000.0,16.62,100.76,32.61,267.73,386.26
0,0,157674.29647673678,-7528.510896006781,-63950.08474382069,6.068752600739988,16,8000.0,22.16,123.51,32.65,295.3,466.09
0,1,157339.60599251525,5236.430560292126,-67589.56752149764,6.067563907507047,16,8000.0,22.16,123.51,32.65,295.3,466.09
0,2,157703.44095627626,17376.258824901037,-61774.98050746288,6.068834552174346,16,8000.0,22.16,123.51,32.65,295.3,466.09
0,3,156716.05723704433,1738.4560947759658,-73580.14606628011,6.065641524012315,16,8000.0,22.16,123.51,32.65,295.3,466.09
0,4,158312.19353870803,-1687.5342825968403,-56835.59173542927,6.0703288993342,16,8000.0,22.16,123.51,32.65,295.3,466.09
0,0,164269.8354058905,40447.68176812246,-57353.91889048866,6.682833941441776,20,8000.0,27.7,146.26,32.69,321.44,545.22
0,1,163299.16361950414,-44265.47570586754,-90782.87214088695,6.698238404925769,20,8000.0,27.7,146.26,32.69,321.44,545.22
0,2,171101.4172130884,-5827.099482466173,-25886.674793371356,6.721752955134665,20,8000.0,27.7,146.26,32.69,321.44,545.22
0,3,162398.28676183592,-47842.36287213549,-98267.86898167082,6.699782877316417,20,8000.0,27.7,146.26,32.69,321.44,545.22
0,4,165833.60718570408,-49897.914882834724,-44092.83516769251,6.691876186163783,20,8000.0,27.7,146.26,32.69,321.44,545.22
0,0,74310.9721338851,-1469.4334262302684,-12249.067318255962,5.06093646110528,12,11000.0,12.09,100.76,32.61,267.73,386.26
0,1,74256.15237306901,918.2765491059764,-13164.031821166143,5.060744156538156,12,11000.0,12.09,100.76,32.61,267.73,386.26
0,2,74305.585672198,3167.6006675268904,-11892.955232928743,5.060781376205934,12,11000.0,12.09,100.76,32.61,267.73,386.26
0,3,74148.49738050405,333.05816689880714,-14422.699631110525,5.0597555460880255,12,11000.0,12.09,100.76,32.61,267.73,386.26
0,4,74386.29517379461,-462.70316185147664,-10756.164294972714,5.061130273981455,12,11000.0,12.09,100.76,32.61,267.73,386.26
0,0,149605.91553320657,-4937.706518274146,-43931.0533479686,6.294757354194151,16,11000.0,16.12,123.51,32.65,295.3,466.09
0,1,149459.25279793626,3557.02822309223,-46368.8905045254,6.294529572166782,16,11000.0,16.12,123.51,32.65,295.3,466.09
0,2,149626.2982602246,11981.569294583716,-42455.852106259845,6.29480045282907,16,11000.0,16.12,123.51,32.65,295.3,466.09
0,3,149055.7003982015,1303.3532257093884,-51117.82815356777,6.2931447214824106,16,11000.0,16.12,123.51,32.65,295.3,466.09
0,4,149978.2656338731,-1024.9879125974505,-38444.511572608986,6.295677778595887,16,11000.0,16.12,123.51,32.65,295.3,466.09
0,0,114463.48579295118,-17714.926090802972,-11825.294168962426,6.646899412357056,20,11000.0,20.15,146.26,32.69,321.44,545.22
0,1,119260.73935849976,-26612.221695125336,-43126.63099043012,6.768917151827439,20,11000.0,20.15,146.26,32.69,321.44,545.22
0,2,122710.10405436382,-26274.564266112575,-35871.02461718577,6.80893705034085,20,11000.0,20.15,146.26,32.69,321.44,545.22
0,3,116356.9340886442,-29251.531107883417,-43804.10293259014,6.730851554581425,20,11000.0,20.15,146.26,32.69,321.44,545.22
0,4,112318.95370774486,-13290.038407588767,-51313.4063987025,6.644314797327598,20,11000.0,20.15,146.26,32.69,321.44,545.22
0,0,69110.43744763566,-1135.9019831245273,-9314.407654094744,5.182907066074708,12,14000.0,9.5,100.76,32.61,267.73,386.26
0,1,69070.56937053545,675.7417040740096,-10114.252070125416,5.182737660313495,12,14000.0,9.5,100.76,32.61,267.73,386.26
0,2,69104.53044938791,2420.763674911112,-9124.981067953351,5.182804370818871,12,14000.0,9.5,100.76,32.61,267.73,386.26
0,3,68987.23201801737,273.48023916262304,-11133.431035172805,5.18198106524343,12,14000.0,9.5,100.76,32.61,267.73,386.26
0,4,69164.14887990238,-335.05934566126115,-8204.547650454333,5.182924452672382,12,14000.0,9.5,100.76,32.61,267.73,386.26
0,0,142449.1205847991,-4171.0110545969965,-34015.49497321826,6.41483071837927,16,14000.0,12.66,123.51,32.65,295.3,466.09
0,1,157339.60599251525,5236.430560292126,-67589.56752149764,6.067563907507047,16,14000.0,12.66,123.51,32.65,295.3,466.09
0,2,157703.44095627626,17376.258824901037,-61774.98050746288,6.068834552174346,16,14000.0,12.66,123.51,32.65,295.3,466.09
0,3,156716.05723704433,1738.4560947759658,-73580.14606628011,6.065641524012315,16,14000.0,12.66,123.51,32.65,295.3,466.09
0,4,158312.19353870803,-1687.5342825968403,-56835.59173542927,6.0703288993342,16,14000.0,12.66,123.51,32.65,295.3,466.09
0,0,85238.11996661656,13890.717460261596,-14119.49038553644,6.820414970404663,20,14000.0,15.83,146.26,32.69,321.44,545.22
0,1,81371.13865862928,-15138.671133951675,-18866.719174869017,6.703439801160743,20,14000.0,15.83,146.26,32.69,321.44,545.22
0,2,83521.53860110903,-102.06789966080389,-2244.624381784405,6.710253876129963,20,14000.0,15.83,146.26,32.69,321.44,545.22
0,3,91069.64787241793,-6645.227351395513,-2737.01654311065,6.954822522100623,20,14000.0,15.83,146.26,32.69,321.44,545.22
0,4,83713.08530749413,13461.394175334743,-12723.94789294527,6.743270721614485,20,14000.0,15.83,146.26,32.69,321.44,545.22
0,0,65079.747266396946,-921.5836386420868,-7645.7853328394685,5.281202058619564,12,17000.0,7.82,100.76,32.61,267.73,386.26
0,1,65050.69611267501,535.4703769231219,-8348.160284391744,5.2810232931660686,12,17000.0,7.82,100.76,32.61,267.73,386.26
0,2,65070.93207229838,1996.056853741465,-7523.923025366822,5.281035423462433,12,17000.0,7.82,100.76,32.61,267.73,386.26
0,3,64975.64707159287,254.26015284010938,-9243.623075247451,5.280373861811847,12,17000.0,7.82,100.76,32.61,267.73,386.26
0,4,65124.65772782728,-246.5943936828961,-6745.375829727112,5.281135900757736,12,17000.0,7.82,100.76,32.61,267.73,386.26
0,0,137837.9072329466,-3379.132228667937,-28989.463176856043,6.487353341980871,16,17000.0,10.43,123.51,32.65,295.3,466.09
0,1,137698.0406495638,2658.30142540764,-31405.363485347712,6.486908840768486,16,17000.0,10.43,123.51,32.65,295.3,466.09
0,2,137802.2262153279,7784.469279885632,-28659.28257399795,6.487268299474382,16,17000.0,10.43,123.51,32.65,295.3,466.09
0,3,137461.22738181418,1343.3684305955294,-34631.13583341198,6.48574755602716,16,17000.0,10.43,123.51,32.65,295.3,466.09
0,4,138038.30492902073,-983.9224527326031,-25147.94146387734,6.48801915368521,16,17000.0,10.43,123.51,32.65,295.3,466.09
0,0,83780.47824151343,10186.266683037917,6886.678904035057,7.362948487340842,20,17000.0,13.04,146.26,32.69,321.44,545.22
0,1,89745.07282685583,-12791.407699917358,-5594.406724922213,7.522391618504997,20,17000.0,13.04,146.26,32.69,321.44,545.22
0,2,81206.13832855744,27548.319555977843,-20347.45281223041,7.35348866563035,20,17000.0,13.04,146.26,32.69,321.44,545.22
0,3,199300.10960583854,-9261.8311725867,-122275.87765235978,7.126912368182862,20,17000.0,13.04,146.26,32.69,321.44,545.22
0,4,201448.851271577,-23002.450500362447,-92903.8225300681,7.121961807076377,20,17000.0,13.04,146.26,32.69,321.44,545.22
0,0,62668.12479286038,-780.1920221539306,-6528.113019857423,5.394790608647144,12,20000.0,6.65,100.76,32.61,267.73,386.26
0,1,80156.56123417235,1348.3653263204799,-18938.371379626456,4.911155109939056,12,20000.0,6.65,100.76,32.61,267.73,386.26
0,2,80236.88944829123,4624.1096511692485,-17162.008485187554,4.911461942000614,12,20000.0,6.65,100.76,32.61,267.73,386.26
0,3,80003.48463300458,475.61996640098033,-20527.86188410281,4.909650149994417,12,20000.0,6.65,100.76,32.61,267.73,386.26
0,4,80376.66643968338,-670.692502284496,-15677.347417050123,4.912226609062163,12,20000.0,6.65,100.76,32.61,267.73,386.26
0,0,130709.5953177402,-711.7373672947191,-26012.768907040096,6.503309147152602,16,20000.0,8.86,123.51,32.65,295.3,466.09
0,1,130781.5259409686,1272.2261348252732,-25995.1686287467,6.503194794968976,16,20000.0,8.86,123.51,32.65,295.3,466.09
0,2,130833.15804751648,5563.028921022672,-24134.390501953694,6.503354197505628,16,20000.0,8.86,123.51,32.65,295.3,466.09
0,3,130472.39470881686,388.98625467123975,-30222.468243633863,6.502000656708814,16,20000.0,8.86,123.51,32.65,295.3,466.09
0,4,131023.4997815097,-440.7177768322049,-21227.452958981434,6.5038614814386735,16,20000.0,8.86,123.51,32.65,295.3,466.09
0,0,66469.1008299492,13324.205414959819,-7191.8615122287065,7.524218336757444,20,20000.0,11.08,146.26,32.69,321.44,545.22
0,1,66205.18121542151,13165.553413848187,-4792.273160992809,7.515842769438696,20,20000.0,11.08,146.26,32.69,321.44,545.22
0,2,65903.33527601865,9050.22214744507,4023.6359177751374,7.487211870704283,20,20000.0,11.08,146.26,32.69,321.44,545.22
0,3,199300.10960583854,-9261.8311725867,-122275.87765235978,7.126912368182862,20,20000.0,11.08,146.26,32.69,321.44,545.22
0,4,201448.851271577,-23002.450500362447,-92903.8225300681,7.121961807076377,20,20000.0,11.08,146.26,32.69,321.44,545.22
0,0,61750.92138512278,-704.1574416931419,-5824.181751634948,5.508029258772941,12,23000.0,5.78,100.76,32.61,267.73,386.26
0,1,69070.56937053545,675.7417040740096,-10114.252070125416,5.182737660313495,12,23000.0,5.78,100.76,32.61,267.73,386.26
0,2,69104.53044938791,2420.763674911112,-9124.981067953351,5.182804370818871,12,23000.0,5.78,100.76,32.61,267.73,386.26
0,3,64975.64707159287,254.26015284010938,-9243.623075247451,5.280373861811847,12,23000.0,5.78,100.76,32.61,267.73,386.26
0,4,65124.65772782728,-246.5943936828961,-6745.375829727112,5.281135900757736,12,23000.0,5.78,100.76,32.61,267.73,386.26
0,0,127061.12172862327,-9100.939612896776,-19245.404082316716,6.5701710591987155,16,23000.0,7.71,123.51,32.65,295.3,466.09
0,1,127227.09306139669,793.5165277614717,-21317.04664406311,6.570025554621746,16,23000.0,7.71,123.51,32.65,295.3,466.09
0,2,130833.15804751648,5563.028921022672,-24134.390501953694,6.503354197505628,16,23000.0,7.71,123.51,32.65,295.3,466.09
0,3,130472.39470881686,388.98625467123975,-30222.468243633863,6.502000656708814,16,23000.0,7.71,123.51,32.65,295.3,466.09
0,4,127014.84729195532,-1417.987018033646,-24687.04796841245,6.57040967608442,16,23000.0,7.71,123.51,32.65,295.3,466.09
0,0,50400.630094867614,9288.7593396326,-10137.303730546071,7.497808219674706,20,23000.0,9.64,146.26,32.69,321.44,545.22
0,1,51750.15688423131,-5287.584678582047,-127.8646469969436,7.539071980671059,20,23000.0,9.64,146.26,32.69,321.44,545.22
0,2,40230.320034243145,-1553.1909720137862,-9721.495630923531,7.539706137068191,20,23000.0,9.64,146.26,32.69,321.44,545.22
0,3,41217.13668067362,-5233.50368012561,-4937.064418992475,7.569774082664241,20,23000.0,9.64,146.26,32.69,321.44,545.22
0,4,40866.52739635277,-671.8832968970092,-10012.759063007048,7.562822907186137,20,23000.0,9.64,146.26,32.69,321.44,545.22
0,0,58748.9103311881,-626.5375191555677,-5148.642833144346,5.540273983490659,12,26000.0,5.11,100.76,32.61,267.73,386.26
0,1,58735.97242688389,333.86814817653436,-5640.672656532979,5.54022226763045,12,26000.0,5.11,100.76,32.61,267.73,386.26
0,2,58739.345062685956,1335.3900060218634,-5078.243939992035,5.540151687902349,12,26000.0,5.11,100.76,32.61,267.73,386.26
0,3,58679.59710074321,236.00908856977838,-6301.374294326805,5.539697890585554,12,26000.0,5.11,100.76,32.61,267.73,386.26
0,4,58778.669078857405,-88.22621902411949,-4538.648302084967,5.54027964692137,12,26000.0,5.11,100.76,32.61,267.73,386.26
0,0,122129.38858901405,-7206.40819512858,-15013.258263957478,6.602844087617071,16,26000.0,6.82,123.51,32.65,295.3,466.09
0,1,122057.20533144569,4439.350181309465,-10407.887451187536,6.6025871421885105,16,26000.0,6.82,123.51,32.65,295.3,466.09
0,2,121859.85863243173,-5003.630352925365,-19237.273303300484,6.602788159561633,16,26000.0,6.82,123.51,32.65,295.3,466.09
0,3,121997.60254269323,3507.709373762762,-21142.537194610046,6.601965235604717,16,26000.0,6.82,123.51,32.65,295.3,466.09
0,4,121181.42127960065,20828.392652194696,-12619.12204865459,6.603027933056946,16,26000.0,6.82,123.51,32.65,295.3,466.09
0,0,39796.68147406049,-8146.214034183724,-1928.3764607590233,7.4710307812287535,20,26000.0,8.52,146.26,32.69,321.44,545.22
0,1,41241.23870612259,-750.7087978676125,-2211.687514400685,7.533218658377021,20,26000.0,8.52,146.26,32.69,321.44,545.22
0,2,40230.320034243145,-1553.1909720137862,-9721.495630923531,7.539706137068191,20,26000.0,8.52,146.26,32.69,321.44,545.22
0,3,41217.13668067362,-5233.50368012561,-4937.064418992475,7.569774082664241,20,26000.0,8.52,146.26,32.69,321.44,545.22
0,4,40866.52739635277,-671.8832968970092,-10012.759063007048,7.562822907186137,20,26000.0,8.52,146.26,32.69,321.44,545.22
